step,MSE,val MSE
0,1.460791176822649,1.0094917296171189
1,0.9471431181303922,0.9249709395170211
2,0.8913954230232992,0.9055548664331436
3,0.8700922301624608,0.8960507444143295
4,0.8587273403235164,0.8934108493328095
